driver_id,total_races,total_wins,total_podiums,total_points,total_dnfs,avg_position,avg_grid,avg_position_delta,position_std,first_season,last_season,win_rate,podium_rate,dnf_rate,points_per_race,career_length,driver_name,kmeans_cluster,archetype,pca_x,pca_y
adamich,31,0,0,6.0,19,15.548387096774194,17.322580645161292,1.7741935483870968,6.233451209281631,1968,1973,0.0,0.0,0.6129032258064516,0.1935483870967742,6,Andrea de Adamich,0,High-DNF Era / Unreliable,-1.6793951613946831,0.5142610234533512
albers,46,0,0,4.0,19,15.673913043478262,18.282608695652176,2.608695652173913,3.7300839896774853,2005,2007,0.0,0.0,0.41304347826086957,0.08695652173913043,3,Christijan Albers,1,Backmarkers,-1.507495976482589,-0.5731136932021623
albon,132,0,2,308.0,43,11.893939393939394,11.962121212121213,0.06818181818181818,4.684321055609239,2019,2026,0.0,0.015151515151515152,0.32575757575757575,2.3333333333333335,8,Alexander Albon,1,Backmarkers,0.06831186903969304,-0.8331786240489925
alboreto,194,5,23,186.5,103,12.958762886597938,13.329896907216495,0.3711340206185567,7.309469372196001,1981,1994,0.02577319587628866,0.11855670103092783,0.5309278350515464,0.961340206185567,14,Michele Alboreto,0,High-DNF Era / Unreliable,-0.20407191067948727,0.4820765419989006
alesi,202,1,32,241.0,88,11.252475247524753,9.029702970297029,-2.222772277227723,7.04008556680538,1989,2001,0.0049504950495049506,0.15841584158415842,0.43564356435643564,1.193069306930693,13,Jean Alesi,2,High-DNF Era / Unreliable,0.5795633059904975,0.4454040070141589
alguersuari,46,0,0,31.0,11,13.891304347826088,15.152173913043478,1.2608695652173914,4.576404512373176,2009,2011,0.0,0.0,0.2391304347826087,0.6739130434782609,3,Jaime Alguersuari,1,Backmarkers,-0.6651616321587664,-1.247109705270228
alliot,110,0,0,7.0,69,16.063636363636363,17.936363636363637,1.8727272727272728,6.1319994983860555,1984,1994,0.0,0.0,0.6272727272727273,0.06363636363636363,11,Philippe Alliot,0,High-DNF Era / Unreliable,-1.823813367839861,0.5903469354370388
alonso,431,32,106,2380.0,96,8.74477958236659,8.784222737819025,0.03944315545243619,6.039776246059606,2001,2026,0.07424593967517401,0.2459396751740139,0.22273781902552203,5.522041763341067,26,Fernando Alonso,2,High-DNF Era / Unreliable,2.751041809377182,-1.2254308513476433
ambrosio,20,0,0,0.0,3,18.3,21.55,3.25,2.792848008753788,2011,2012,0.0,0.0,0.15,0.0,2,Jérôme d'Ambrosio,1,Backmarkers,-1.6105898851964493,-1.8681294975468103
amon,102,0,11,83.0,53,11.627450980392156,8.77450980392157,-2.8529411764705883,6.498928424431993,1963,1976,0.0,0.10784313725490197,0.5196078431372549,0.8137254901960784,14,Chris Amon,2,High-DNF Era / Unreliable,0.1648308302693422,0.9340905825949161
anderson,25,0,1,8.0,12,10.8,13.6,2.8,4.183300132670377,1963,1967,0.0,0.04,0.48,0.32,5,Bob Anderson,1,Backmarkers,-0.6586761839372558,-0.3788508240518469
angelis,109,2,9,122.0,54,11.899082568807339,10.98165137614679,-0.9174311926605505,7.620567872939801,1979,1986,0.01834862385321101,0.08256880733944955,0.4954128440366973,1.1192660550458715,8,Elio de Angelis,2,High-DNF Era / Unreliable,0.026892015123001912,0.44694873609016783
antonelli,27,2,6,203.0,6,8.88888888888889,7.925925925925926,-0.9629629629629629,6.172727444376927,2025,2026,0.07407407407407407,0.2222222222222222,0.2222222222222222,7.518518518518518,2,Andrea Kimi Antonelli,2,High-DNF Era / Unreliable,3.1847702928912165,-1.302141952088148
arnoux,151,7,22,181.0,73,12.463576158940397,10.483443708609272,-1.9801324503311257,7.424082286215211,1978,1989,0.046357615894039736,0.1456953642384106,0.48344370860927155,1.1986754966887416,12,René Arnoux,2,High-DNF Era / Unreliable,0.5138634388191453,0.7685467330418577
ascari,36,13,17,140.14,14,8.444444444444445,4.583333333333333,-3.861111111111111,8.66007075010507,1950,1955,0.3611111111111111,0.4722222222222222,0.3888888888888889,3.8927777777777774,6,Alberto Ascari,3,Dominators and Champions,5.392437915930012,1.7090939495922133
badoer,52,0,0,0.0,27,14.326923076923077,20.173076923076923,5.846153846153846,4.596337646286736,1993,2009,0.0,0.0,0.5192307692307693,0.0,17,Luca Badoer,0,High-DNF Era / Unreliable,-1.8583810651421855,-0.7090880051639665
baghetti,26,1,1,14.0,17,15.038461538461538,13.538461538461538,-1.5,7.191554876274083,1961,1967,0.038461538461538464,0.038461538461538464,0.6538461538461539,0.5384615384615384,7,Giancarlo Baghetti,0,High-DNF Era / Unreliable,-0.8051862250121566,1.453541277553684
baldi,36,0,0,5.0,20,15.0,19.333333333333332,4.333333333333333,6.667618979601553,1982,1985,0.0,0.0,0.5555555555555556,0.1388888888888889,4,Mauro Baldi,0,High-DNF Era / Unreliable,-1.8151753406059203,-0.25043140070690145
bandini,44,1,8,58.0,19,9.954545454545455,8.227272727272727,-1.7272727272727273,6.480577584991567,1961,1967,0.022727272727272728,0.18181818181818182,0.4318181818181818,1.3181818181818181,7,Lorenzo Bandini,2,High-DNF Era / Unreliable,0.9657000582863688,0.3764922569786072
barrichello,326,11,68,658.0,102,10.33435582822086,8.883435582822086,-1.450920245398773,6.539478975887426,1993,2011,0.03374233128834356,0.2085889570552147,0.3128834355828221,2.01840490797546,19,Rubens Barrichello,2,High-DNF Era / Unreliable,1.3784438875625484,-0.24230220901199265
baumgartner,20,0,0,1.0,8,15.3,18.75,3.45,3.419756839616709,2003,2004,0.0,0.0,0.4,0.05,2,Zsolt Baumgartner,1,Backmarkers,-1.5342278523473283,-0.7991652539457726
bearman,30,0,0,62.0,8,11.533333333333333,13.9,2.3666666666666667,4.546566217247483,2024,2026,0.0,0.0,0.26666666666666666,2.066666666666667,3,Oliver Bearman,1,Backmarkers,-0.16420466275332604,-1.546591471508203
beaufort,29,0,0,4.0,7,11.724137931034482,16.20689655172414,4.482758620689655,4.620579367847855,1957,1964,0.0,0.0,0.2413793103448276,0.13793103448275862,8,Carel Godin de Beaufort,1,Backmarkers,-0.8154016121515624,-1.8359355963370758
behra,57,0,9,51.14,32,10.666666666666666,8.105263157894736,-2.56140350877193,6.1363476029933235,1952,1959,0.0,0.15789473684210525,0.5614035087719298,0.8971929824561403,8,Jean Behra,2,High-DNF Era / Unreliable,0.4184007912911186,1.109177681421568
bellof,21,0,0,4.0,15,13.952380952380953,20.80952380952381,6.857142857142857,6.583890874522378,1984,1985,0.0,0.0,0.7142857142857143,0.19047619047619047,2,Stefan Bellof,0,High-DNF Era / Unreliable,-2.182707946747958,-0.011944436821290197
beltoise,85,1,8,77.0,39,11.376470588235295,11.611764705882353,0.23529411764705882,6.838226710033467,1967,1974,0.011764705882352941,0.09411764705882353,0.4588235294117647,0.9058823529411765,8,Jean-Pierre Beltoise,1,Backmarkers,-0.015533655105722566,0.06167389542047583
berger,210,10,48,385.0,95,10.914285714285715,6.371428571428571,-4.542857142857143,7.948535763222102,1984,1997,0.047619047619047616,0.22857142857142856,0.4523809523809524,1.8333333333333333,14,Gerhard Berger,2,High-DNF Era / Unreliable,1.557615847251568,1.1118028507347832
bernard,45,0,1,10.0,24,14.866666666666667,17.755555555555556,2.888888888888889,6.594074474997851,1989,1994,0.0,0.022222222222222223,0.5333333333333333,0.2222222222222222,6,Éric Bernard,0,High-DNF Era / Unreliable,-1.4901689179887259,-0.06399004489849384
bernoldi,28,0,0,0.0,19,15.607142857142858,18.214285714285715,2.607142857142857,4.085559807639456,2001,2002,0.0,0.0,0.6785714285714286,0.0,2,Enrique Bernoldi,0,High-DNF Era / Unreliable,-1.9311940539490469,0.6898143202056396
beuttler,28,0,0,0.0,18,15.392857142857142,20.928571428571427,5.535714285714286,5.1735744911881785,1971,1973,0.0,0.0,0.6428571428571429,0.0,3,Mike Beuttler,0,High-DNF Era / Unreliable,-2.1864010559917615,-0.042177621489702985
blundell,61,0,3,32.0,32,13.049180327868852,13.131147540983607,0.08196721311475409,6.591474871650999,1991,1995,0.0,0.04918032786885246,0.5245901639344263,0.5245901639344263,5,Mark Blundell,0,High-DNF Era / Unreliable,-0.6916590036164688,0.388192987991407
boesel,23,0,0,0.0,13,15.304347826086957,22.695652173913043,7.391304347826087,5.295236131816938,1982,1983,0.0,0.0,0.5652173913043478,0.0,2,Raul Boesel,0,High-DNF Era / Unreliable,-2.2694827464531544,-0.7646710054314143
bonnier,106,1,1,39.0,61,11.68867924528302,11.962264150943396,0.27358490566037735,5.479595410068277,1956,1971,0.009433962264150943,0.009433962264150943,0.5754716981132075,0.36792452830188677,16,Jo Bonnier,0,High-DNF Era / Unreliable,-0.6903055001266898,0.5589102449392105
bortoleto,27,0,0,21.0,14,14.25925925925926,13.925925925925926,-0.3333333333333333,4.174949033245728,2025,2026,0.0,0.0,0.5185185185185185,0.7777777777777778,2,Gabriel Bortoleto,0,High-DNF Era / Unreliable,-0.9517582218596508,0.3720927679626075
bottas,250,10,67,1788.0,57,9.064,8.152,-0.912,6.0336992056629475,2013,2026,0.04,0.268,0.228,7.152,14,Valtteri Bottas,2,High-DNF Era / Unreliable,3.001778454947749,-1.2877230943106546
bourdais,27,0,0,6.0,8,14.148148148148149,14.814814814814815,0.6666666666666666,4.520923184344813,2008,2009,0.0,0.0,0.2962962962962963,0.2222222222222222,2,Sébastien Bourdais,1,Backmarkers,-0.8219655656463659,-0.8043684822935239
boutsen,163,3,15,132.0,70,11.865030674846626,12.521472392638037,0.656441717791411,6.700391860130284,1983,1993,0.018404907975460124,0.09202453987730061,0.4294478527607362,0.8098159509202454,11,Thierry Boutsen,1,Backmarkers,-0.08115809250437694,-0.11623355673965712
brabham,24,0,0,0.0,17,17.083333333333332,23.916666666666668,6.833333333333333,4.680362924117026,1990,1994,0.0,0.0,0.7083333333333334,0.0,5,David Brabham,0,High-DNF Era / Unreliable,-2.7131779867934758,0.05749999172245865
brambilla,74,1,1,15.5,42,14.635135135135135,13.31081081081081,-1.3243243243243243,6.53457469311083,1974,1980,0.013513513513513514,0.013513513513513514,0.5675675675675675,0.20945945945945946,7,Vittorio Brambilla,0,High-DNF Era / Unreliable,-0.9535006303172925,0.9298516423076142
brendon_hartley,25,0,0,4.0,9,15.04,15.28,0.24,3.5057096285916205,2017,2018,0.0,0.0,0.36,0.16,2,Brendon Hartley,1,Backmarkers,-1.0277043068926164,-0.39475203306784207
brooks,41,6,10,75.0,20,10.853658536585366,6.146341463414634,-4.7073170731707314,7.421458669324232,1956,1961,0.14634146341463414,0.24390243902439024,0.4878048780487805,1.829268292682927,6,Tony Brooks,2,High-DNF Era / Unreliable,2.2464274719833766,1.6480555903076692
brundle,158,0,9,98.0,82,11.867088607594937,13.727848101265822,1.860759493670886,6.271058211150658,1984,1996,0.0,0.056962025316455694,0.5189873417721519,0.620253164556962,13,Martin Brundle,0,High-DNF Era / Unreliable,-0.6545985102231441,-0.005371807699983993
bruno_senna,46,0,0,33.0,14,15.695652173913043,16.91304347826087,1.2173913043478262,5.014953484740041,2010,2012,0.0,0.0,0.30434782608695654,0.717391304347826,3,Bruno Senna,1,Backmarkers,-1.0423063448836496,-0.8954909640016158
buemi,55,0,0,29.0,17,14.327272727272728,14.527272727272727,0.2,4.792179375292954,2009,2011,0.0,0.0,0.3090909090909091,0.5272727272727272,3,Sébastien Buemi,1,Backmarkers,-0.7507437484848087,-0.687200460611415
burgess,24,0,0,0.0,15,16.791666666666668,12.458333333333334,-4.333333333333333,5.838248446883383,1958,1963,0.0,0.0,0.625,0.0,6,Ian Burgess,0,High-DNF Era / Unreliable,-1.2183081303745926,1.7871643260955845
button,309,15,50,1235.0,77,9.6957928802589,10.006472491909385,0.3106796116504854,6.003625671518454,2000,2017,0.04854368932038835,0.16181229773462782,0.24919093851132687,3.9967637540453076,18,Jenson Button,2,High-DNF Era / Unreliable,1.723191282629788,-1.1414634357960727
caffi,56,0,0,6.0,33,14.803571428571429,18.839285714285715,4.035714285714286,6.268013003575138,1986,1991,0.0,0.0,0.5892857142857143,0.10714285714285714,6,Alex Caffi,0,High-DNF Era / Unreliable,-1.8081743103766754,-0.03503871234780263
capelli,95,0,3,31.0,68,16.473684210526315,14.905263157894737,-1.568421052631579,6.833649698154601,1985,1993,0.0,0.031578947368421054,0.7157894736842105,0.3263157894736842,9,Ivan Capelli,0,High-DNF Era / Unreliable,-1.451752507142058,1.6835042658847088
cesaris,209,0,5,59.0,148,15.69377990430622,14.334928229665072,-1.3588516746411483,6.479405953404779,1980,1994,0.0,0.023923444976076555,0.7081339712918661,0.2822966507177033,15,Andrea de Cesaris,0,High-DNF Era / Unreliable,-1.376572298688538,1.585175849015337
cevert,47,1,13,89.0,18,9.936170212765957,8.74468085106383,-1.1914893617021276,7.242400080561659,1970,1973,0.02127659574468085,0.2765957446808511,0.3829787234042553,1.8936170212765957,4,François Cevert,2,High-DNF Era / Unreliable,1.4386757449453218,0.09297343969288434
cheever,132,0,9,70.0,87,13.992424242424242,14.606060606060606,0.6136363636363636,6.805359598803443,1978,1989,0.0,0.06818181818181818,0.6590909090909091,0.5303030303030303,12,Eddie Cheever,0,High-DNF Era / Unreliable,-1.0462338055477294,0.9670273360132868
chilton,35,0,0,0.0,3,17.685714285714287,20.085714285714285,2.4,2.310734904379845,2013,2014,0.0,0.0,0.08571428571428572,0.0,2,Max Chilton,1,Backmarkers,-1.3110631531418344,-2.02337136306368
claes,24,0,0,0.0,11,12.958333333333334,17.75,4.791666666666667,4.804700295287546,1950,1955,0.0,0.0,0.4583333333333333,0.0,6,Johnny Claes,1,Backmarkers,-1.4190811373202892,-0.8262819112905903
clark,73,25,32,274.0,29,7.095890410958904,3.6027397260273974,-3.493150684931507,6.425133771978872,1960,1968,0.3424657534246575,0.4383561643835616,0.3972602739726027,3.7534246575342465,9,Jim Clark,3,Dominators and Champions,5.274862955124225,1.5606518386034542
colapinto,30,0,0,6.0,20,15.033333333333333,16.1,1.0666666666666667,3.21079357827607,2024,2026,0.0,0.0,0.6666666666666666,0.2,3,Franco Colapinto,0,High-DNF Era / Unreliable,-1.59619861025867,0.890723774288351
collins,36,3,9,47.0,20,10.61111111111111,8.694444444444445,-1.9166666666666667,7.03573644344267,1952,1958,0.08333333333333333,0.25,0.5555555555555556,1.3055555555555556,7,Peter Collins,2,High-DNF Era / Unreliable,1.3390379083302866,1.297096153366041
comas,60,0,0,7.0,30,14.116666666666667,17.8,3.683333333333333,6.396746171446926,1991,1994,0.0,0.0,0.5,0.11666666666666667,4,Érik Comas,0,High-DNF Era / Unreliable,-1.5145133285187753,-0.4059981003876485
coulthard,247,13,62,535.0,82,9.48582995951417,7.680161943319838,-1.805668016194332,6.475626725125826,1994,2008,0.05263157894736842,0.25101214574898784,0.3319838056680162,2.165991902834008,15,David Coulthard,2,High-DNF Era / Unreliable,1.838159537021058,-0.005139545410144385
courage,29,0,2,20.0,20,10.758620689655173,11.310344827586206,0.5517241379310345,4.976051019015216,1967,1970,0.0,0.06896551724137931,0.6896551724137931,0.6896551724137931,4,Piers Courage,0,High-DNF Era / Unreliable,-0.5315048211014892,1.0325514287723319
dalmas,24,0,0,0.0,10,14.75,21.791666666666668,7.041666666666667,6.023504685451168,1987,1994,0.0,0.0,0.4166666666666667,0.0,8,Yannick Dalmas,1,Backmarkers,-1.9065613509467967,-1.411884684546374
daly,49,0,0,15.0,25,13.020408163265307,17.020408163265305,4.0,6.349179067401705,1978,1982,0.0,0.0,0.5102040816326531,0.30612244897959184,5,Derek Daly,0,High-DNF Era / Unreliable,-1.3517477907949904,-0.4653747122988245
damon_hill,116,22,42,360.0,42,8.905172413793103,6.086206896551724,-2.8189655172413794,7.279486900546797,1992,1999,0.1896551724137931,0.3620689655172414,0.3620689655172414,3.103448275862069,8,Damon Hill,3,Dominators and Champions,3.5228873651974264,0.7917994323532512
danner,37,0,0,4.0,22,15.324324324324325,20.027027027027028,4.702702702702703,6.6418456858100905,1985,1989,0.0,0.0,0.5945945945945946,0.10810810810810811,5,Christian Danner,0,High-DNF Era / Unreliable,-1.97848843521537,-0.1255912459351888
davidson,24,0,0,0.0,11,16.166666666666668,17.166666666666668,1.0,3.002414487312368,2002,2008,0.0,0.0,0.4583333333333333,0.0,7,Anthony Davidson,0,High-DNF Era / Unreliable,-1.4861847485944562,-0.03103586684514791
depailler,95,2,19,141.0,43,11.105263157894736,9.31578947368421,-1.7894736842105263,7.347707247278797,1972,1980,0.021052631578947368,0.2,0.45263157894736844,1.4842105263157894,9,Patrick Depailler,2,High-DNF Era / Unreliable,0.8460189744500817,0.5109027961877641
diniz,99,0,0,10.0,60,14.565656565656566,17.04040404040404,2.474747474747475,5.451383677865492,1995,2000,0.0,0.0,0.6060606060606061,0.10101010101010101,6,Pedro Diniz,0,High-DNF Era / Unreliable,-1.6134418354313536,0.3372610695288996
emerson_fittipaldi,146,14,35,281.0,54,10.780821917808218,11.815068493150685,1.0342465753424657,7.664061362043722,1970,1980,0.0958904109589041,0.23972602739726026,0.3698630136986301,1.9246575342465753,11,Emerson Fittipaldi,2,High-DNF Era / Unreliable,1.4331377183934788,-0.18511019804210255
ericsson,97,0,0,18.0,24,14.958762886597938,16.876288659793815,1.9175257731958764,3.375517015254835,2014,2018,0.0,0.0,0.24742268041237114,0.18556701030927836,5,Marcus Ericsson,1,Backmarkers,-1.030754006357368,-1.2511329285811978
ertl,20,0,0,0.0,11,15.45,20.8,5.35,6.320184874044846,1975,1978,0.0,0.0,0.55,0.0,4,Harald Ertl,0,High-DNF Era / Unreliable,-2.0281465606600797,-0.44393461796550854
fabi,64,0,2,23.0,48,15.140625,11.0625,-4.078125,6.628143908113845,1982,1987,0.0,0.03125,0.75,0.359375,6,Teo Fabi,0,High-DNF Era / Unreliable,-0.9896432906413998,2.289379348257956
fangio,58,24,35,279.14,15,4.793103448275862,2.4827586206896552,-2.310344827586207,5.025404306645491,1950,1958,0.41379310344827586,0.603448275862069,0.25862068965517243,4.812758620689655,9,Juan Fangio,3,Dominators and Champions,7.0235565821070365,0.9468313267572547
farina,37,5,20,127.33,11,5.837837837837838,3.189189189189189,-2.6486486486486487,5.550342899885223,1950,1955,0.13513513513513514,0.5405405405405406,0.2972972972972973,3.441351351351351,6,Nino Farina,3,Dominators and Champions,4.45099065144347,0.39963748002634425
fisichella,231,3,19,275.0,74,10.991341991341992,11.329004329004329,0.33766233766233766,5.739255626625354,1996,2009,0.012987012987012988,0.08225108225108226,0.3203463203463203,1.1904761904761905,14,Giancarlo Fisichella,1,Backmarkers,0.2768316510282201,-0.6656502240038652
fittipaldi,40,0,0,12.0,17,11.975,18.325,6.35,5.342080167202709,1992,1994,0.0,0.0,0.425,0.3,3,Christian Fittipaldi,1,Backmarkers,-1.329170557578617,-1.338655605941722
frentzen,158,3,18,174.0,69,11.025316455696203,8.841772151898734,-2.1835443037974684,6.549127784673486,1994,2003,0.0189873417721519,0.11392405063291139,0.43670886075949367,1.1012658227848102,10,Heinz-Harald Frentzen,2,High-DNF Era / Unreliable,0.5226003895728686,0.43642192696494225
gachot,47,0,0,5.0,36,16.638297872340427,19.085106382978722,2.4468085106382977,5.795146139564421,1989,1995,0.0,0.0,0.7659574468085106,0.10638297872340426,7,Bertrand Gachot,0,High-DNF Era / Unreliable,-2.1919144704478635,1.1435418942825872
ganley,36,0,0,10.0,16,12.527777777777779,16.194444444444443,3.6666666666666665,5.759395360681095,1971,1974,0.0,0.0,0.4444444444444444,0.2777777777777778,4,Howden Ganley,1,Backmarkers,-1.1364126723485621,-0.7200105967618187
gasly,181,1,5,461.0,48,11.640883977900552,11.143646408839778,-0.4972375690607735,4.763085752000328,2017,2026,0.0055248618784530384,0.027624309392265192,0.26519337016574585,2.546961325966851,10,Pierre Gasly,1,Backmarkers,0.3982001299388239,-1.0084161044959292
gene,36,0,0,5.0,14,13.555555555555555,19.47222222222222,5.916666666666667,4.442936252039021,1999,2004,0.0,0.0,0.3888888888888889,0.1388888888888889,6,Marc Gené,1,Backmarkers,-1.5092006048769666,-1.3718455885684764
gethin,30,1,1,11.0,19,15.466666666666667,16.233333333333334,0.7666666666666667,6.563920891606203,1970,1974,0.03333333333333333,0.03333333333333333,0.6333333333333333,0.36666666666666664,5,Peter Gethin,0,High-DNF Era / Unreliable,-1.1986281094365985,0.9312382941232674
ghinzani,79,0,0,2.0,61,18.39240506329114,21.126582278481013,2.7341772151898733,6.249959428625215,1981,1989,0.0,0.0,0.7721518987341772,0.02531645569620253,9,Piercarlo Ghinzani,0,High-DNF Era / Unreliable,-2.5340612120867263,1.1670430853532605
giacomelli,69,0,1,14.0,44,14.797101449275363,12.478260869565217,-2.318840579710145,6.003870590134842,1977,1983,0.0,0.014492753623188406,0.6376811594202898,0.2028985507246377,7,Bruno Giacomelli,0,High-DNF Era / Unreliable,-1.0602447890246742,1.412667038376704
gilles_villeneuve,68,6,13,107.0,32,10.897058823529411,7.676470588235294,-3.2205882352941178,7.2361854094592015,1977,1982,0.08823529411764706,0.19117647058823528,0.47058823529411764,1.5735294117647058,6,Gilles Villeneuve,2,High-DNF Era / Unreliable,1.4565476773257686,1.0587389561544103
ginther,53,1,14,107.0,17,7.754716981132075,7.471698113207547,-0.2830188679245283,5.532789185244631,1960,1966,0.018867924528301886,0.2641509433962264,0.32075471698113206,2.018867924528302,7,Richie Ginther,2,High-DNF Era / Unreliable,1.7441856075509752,-0.4619198457357991
giovinazzi,62,0,0,21.0,7,13.85483870967742,14.370967741935484,0.5161290322580645,2.968947344466503,2017,2021,0.0,0.0,0.11290322580645161,0.3387096774193548,5,Antonio Giovinazzi,1,Backmarkers,-0.4450007002739203,-1.6620619075191831
glock,95,0,3,51.0,21,15.221052631578948,17.0,1.7789473684210526,5.694676400438491,2004,2012,0.0,0.031578947368421054,0.22105263157894736,0.5368421052631579,9,Timo Glock,1,Backmarkers,-0.8257741325636742,-1.344180194932517
gonzalez,29,2,15,77.64,10,7.655172413793103,5.172413793103448,-2.4827586206896552,7.305946022976107,1950,1960,0.06896551724137931,0.5172413793103449,0.3448275862068966,2.677241379310345,11,José Froilán González,2,High-DNF Era / Unreliable,3.3756659744326614,0.4803783877818328
graffenried,22,0,0,9.0,10,11.545454545454545,12.863636363636363,1.3181818181818181,6.39737500279661,1950,1956,0.0,0.0,0.45454545454545453,0.4090909090909091,7,Toulo de Graffenried,1,Backmarkers,-0.6896796534792086,-0.26210128377224534
gregory,43,0,3,21.0,21,12.627906976744185,11.069767441860465,-1.558139534883721,6.275512712174556,1957,1965,0.0,0.06976744186046512,0.4883720930232558,0.4883720930232558,9,Masten Gregory,0,High-DNF Era / Unreliable,-0.30684483295730675,0.5514913955067048
grosjean,181,0,10,391.0,51,13.143646408839778,11.707182320441989,-1.4364640883977902,5.3770423475747355,2009,2020,0.0,0.055248618784530384,0.281767955801105,2.160220994475138,12,Romain Grosjean,1,Backmarkers,0.223031121219302,-0.6533033789575058
grouillard,41,0,0,1.0,27,16.804878048780488,19.317073170731707,2.5121951219512195,5.693063815710842,1989,1992,0.0,0.0,0.6585365853658537,0.024390243902439025,4,Olivier Grouillard,0,High-DNF Era / Unreliable,-2.0754672866917976,0.6373360854668576
guerrero,22,0,0,0.0,17,18.0,18.5,0.5,4.908690058991104,1982,1983,0.0,0.0,0.7727272727272727,0.0,2,Roberto Guerrero,0,High-DNF Era / Unreliable,-2.213824811296843,1.5900549262317512
gugelmin,75,0,1,10.0,45,15.213333333333333,15.826666666666666,0.6133333333333333,6.340119645331397,1988,1992,0.0,0.013333333333333334,0.6,0.13333333333333333,5,Maurício Gugelmin,0,High-DNF Era / Unreliable,-1.432916041415252,0.6916398736796618
gurney,87,4,19,133.0,47,9.758620689655173,6.747126436781609,-3.0114942528735633,5.660893012881262,1959,1970,0.04597701149425287,0.21839080459770116,0.5402298850574713,1.528735632183908,12,Dan Gurney,2,High-DNF Era / Unreliable,1.311827505460197,1.2263131380221757
gutierrez,59,0,0,6.0,15,15.067796610169491,15.271186440677965,0.2033898305084746,3.326302735614097,2013,2016,0.0,0.0,0.2542372881355932,0.1016949152542373,4,Esteban Gutiérrez,1,Backmarkers,-0.8745244262891416,-0.8796109803563771
hadjar,27,0,1,54.0,12,11.962962962962964,9.444444444444445,-2.5185185185185186,4.653216269680752,2025,2026,0.0,0.037037037037037035,0.4444444444444444,2.0,2,Isack Hadjar,2,High-DNF Era / Unreliable,0.18492358885767693,0.290128932108763
hailwood,51,0,2,29.0,29,13.313725490196079,12.098039215686274,-1.2156862745098038,6.760148507476538,1963,1974,0.0,0.0392156862745098,0.5686274509803921,0.5686274509803921,12,Mike Hailwood,0,High-DNF Era / Unreliable,-0.6767658428783366,0.8314178532688944
hakkinen,163,20,51,420.0,65,9.674846625766872,7.159509202453988,-2.5153374233128836,7.6778368188619295,1991,2001,0.12269938650306748,0.3128834355828221,0.3987730061349693,2.576687116564417,11,Mika Häkkinen,2,High-DNF Era / Unreliable,2.567599317724464,0.7073050635191114
hamilton,383,105,203,4990.5,38,5.2323759791122715,4.676240208877284,-0.556135770234987,5.53672142431972,2007,2026,0.2741514360313316,0.5300261096605744,0.09921671018276762,13.030026109660575,20,Lewis Hamilton,3,Dominators and Champions,7.544472995815147,-1.653531298078258
hawthorn,48,3,18,127.64,16,7.020833333333333,5.708333333333333,-1.3125,5.711092541202986,1952,1958,0.0625,0.375,0.3333333333333333,2.6591666666666667,7,Mike Hawthorn,2,High-DNF Era / Unreliable,2.7940541112608055,-0.014362706927415867
heidfeld,184,0,13,259.0,49,10.722826086956522,11.33695652173913,0.6141304347826086,5.402318936631403,2000,2011,0.0,0.07065217391304347,0.266304347826087,1.4076086956521738,12,Nick Heidfeld,1,Backmarkers,0.28920215289378143,-1.0623575804613927
henton,20,0,0,0.0,11,13.3,19.65,6.35,5.974507246803309,1975,1982,0.0,0.0,0.55,0.0,8,Brian Henton,0,High-DNF Era / Unreliable,-1.8013717002927168,-0.6829702388209852
herbert,162,3,7,98.0,80,12.61111111111111,13.104938271604938,0.49382716049382713,6.559095908007047,1989,2000,0.018518518518518517,0.043209876543209874,0.49382716049382713,0.6049382716049383,12,Johnny Herbert,0,High-DNF Era / Unreliable,-0.5024802284394281,0.19701878726014446
hill,177,14,36,289.0,81,10.005649717514125,10.248587570621469,0.24293785310734464,6.1639505255274765,1958,1975,0.07909604519774012,0.2033898305084746,0.4576271186440678,1.6327683615819208,18,Graham Hill,2,High-DNF Era / Unreliable,1.2069394543349172,0.2962244450716736
hulkenberg,257,0,1,614.0,78,12.038910505836576,11.1284046692607,-0.9105058365758755,5.041860277552895,2010,2026,0.0,0.0038910505836575876,0.3035019455252918,2.3891050583657587,17,Nico Hülkenberg,1,Backmarkers,0.1664210665958291,-0.7695758875120078
hulme,112,8,33,248.0,34,8.205357142857142,7.25,-0.9553571428571429,6.2961999018958394,1965,1974,0.07142857142857142,0.29464285714285715,0.30357142857142855,2.2142857142857144,10,Denny Hulme,2,High-DNF Era / Unreliable,2.282039565188955,-0.21878824644217926
hunt,93,10,23,179.0,49,11.53763440860215,6.924731182795699,-4.612903225806452,8.233757581345737,1973,1979,0.10752688172043011,0.24731182795698925,0.5268817204301075,1.924731182795699,7,James Hunt,2,High-DNF Era / Unreliable,1.8374100043772352,1.6977244110720073
ickx,116,8,25,181.0,51,10.775862068965518,9.801724137931034,-0.9741379310344828,6.895601883616201,1967,1979,0.06896551724137931,0.21551724137931033,0.4396551724137931,1.5603448275862069,13,Jacky Ickx,2,High-DNF Era / Unreliable,1.216014510976452,0.4524208990290318
ireland,55,1,4,47.0,31,12.072727272727272,9.254545454545454,-2.8181818181818183,6.440193652064685,1959,1966,0.01818181818181818,0.07272727272727272,0.5636363636363636,0.8545454545454545,8,Innes Ireland,2,High-DNF Era / Unreliable,0.023227357405705498,1.1536949834198655
irvine,147,4,26,191.0,65,11.006802721088436,9.312925170068027,-1.6938775510204083,6.888044634398938,1993,2002,0.027210884353741496,0.17687074829931973,0.4421768707482993,1.2993197278911566,10,Eddie Irvine,2,High-DNF Era / Unreliable,0.7848199138116071,0.4529860783285799
jabouille,50,2,2,21.0,40,16.34,9.3,-7.04,5.615612347804674,1975,1981,0.04,0.04,0.8,0.42,7,Jean-Pierre Jabouille,0,High-DNF Era / Unreliable,-0.5986094911106483,3.2505467976256295
jack_brabham,129,14,31,261.0,63,9.186046511627907,7.387596899224806,-1.7984496124031009,6.450251257049587,1955,1970,0.10852713178294573,0.24031007751937986,0.4883720930232558,2.0232558139534884,16,Jack Brabham,2,High-DNF Era / Unreliable,1.9450285588533935,0.9087080295506236
jarier,138,0,3,31.5,78,14.471014492753623,14.702898550724637,0.2318840579710145,6.292379853343768,1971,1983,0.0,0.021739130434782608,0.5652173913043478,0.22826086956521738,13,Jean-Pierre Jarier,0,High-DNF Era / Unreliable,-1.1636627910113324,0.5830720551021273
johansson,79,0,12,88.0,40,11.962025316455696,14.594936708860759,2.632911392405063,7.547190066295318,1983,1991,0.0,0.1518987341772152,0.5063291139240507,1.1139240506329113,9,Stefan Johansson,0,High-DNF Era / Unreliable,-0.29149904658289133,-0.14596966509766246
jolyon_palmer,37,0,0,9.0,11,15.27027027027027,16.324324324324323,1.054054054054054,4.086894016573306,2016,2017,0.0,0.0,0.2972972972972973,0.24324324324324326,2,Jolyon Palmer,1,Backmarkers,-1.0447030782097408,-0.8508075223705409
jones,117,12,24,206.0,51,11.401709401709402,11.487179487179487,0.08547008547008547,7.4533721008309595,1975,1986,0.10256410256410256,0.20512820512820512,0.4358974358974359,1.7606837606837606,12,Alan Jones,2,High-DNF Era / Unreliable,1.2262362007367826,0.31781075463947994
jules_bianchi,34,0,0,2.0,7,17.11764705882353,18.823529411764707,1.7058823529411764,2.671564130235466,2013,2014,0.0,0.0,0.20588235294117646,0.058823529411764705,2,Jules Bianchi,1,Backmarkers,-1.3138548570393835,-1.343330209492533
karthikeyan,46,0,0,5.0,13,18.282608695652176,20.41304347826087,2.130434782608696,4.214593922594104,2005,2012,0.0,0.0,0.2826086956521739,0.10869565217391304,8,Narain Karthikeyan,1,Backmarkers,-1.6603660375043054,-1.0417592415560548
katayama,95,0,0,5.0,63,16.042105263157893,17.25263157894737,1.2105263157894737,5.267151900006108,1992,1997,0.0,0.0,0.6631578947368421,0.05263157894736842,6,Ukyo Katayama,0,High-DNF Era / Unreliable,-1.8008039170266115,0.8869123850273978
keegan,27,0,0,0.0,15,16.40740740740741,19.185185185185187,2.7777777777777777,6.190931701095993,1977,1982,0.0,0.0,0.5555555555555556,0.0,6,Rupert Keegan,0,High-DNF Era / Unreliable,-1.8868884081740578,0.09438796392451998
keke_rosberg,114,5,17,159.5,59,11.75438596491228,10.131578947368421,-1.6228070175438596,7.358772266189652,1978,1986,0.043859649122807015,0.14912280701754385,0.5175438596491229,1.3991228070175439,9,Keke Rosberg,2,High-DNF Era / Unreliable,0.5703854646512356,0.8180199197604473
kevin_magnussen,186,0,1,196.0,55,13.56989247311828,13.231182795698924,-0.3387096774193548,4.0826537460329755,2014,2024,0.0,0.005376344086021506,0.2956989247311828,1.053763440860215,11,Kevin Magnussen,1,Backmarkers,-0.4131693287530922,-0.7203540788608517
klien,51,0,0,14.0,16,13.666666666666666,13.156862745098039,-0.5098039215686274,4.718756898449704,2004,2010,0.0,0.0,0.3137254901960784,0.27450980392156865,7,Christian Klien,1,Backmarkers,-0.6221313883160711,-0.5147308523878341
kobayashi,76,0,1,125.0,23,13.986842105263158,14.25,0.2631578947368421,5.873087594675975,2009,2014,0.0,0.013157894736842105,0.3026315789473684,1.644736842105263,6,Kamui Kobayashi,1,Backmarkers,-0.4078709851094568,-0.8532298685668522
kovalainen,112,1,4,105.0,23,13.285714285714286,13.741071428571429,0.45535714285714285,5.625598781228683,2007,2013,0.008928571428571428,0.03571428571428571,0.20535714285714285,0.9375,7,Heikki Kovalainen,1,Backmarkers,-0.17465287437249616,-1.2228165652699992
kubica,99,1,12,274.0,15,10.646464646464647,9.595959595959595,-1.0505050505050506,6.061442428375682,2006,2021,0.010101010101010102,0.12121212121212122,0.15151515151515152,2.7676767676767677,16,Robert Kubica,2,High-DNF Era / Unreliable,1.2182774792022661,-1.35223431501589
kvyat,112,0,3,202.0,24,12.223214285714286,11.919642857142858,-0.30357142857142855,4.592806403101557,2014,2020,0.0,0.026785714285714284,0.21428571428571427,1.8035714285714286,7,Daniil Kvyat,1,Backmarkers,0.16349999339202614,-1.203164935158699
laffite,177,6,33,228.0,91,11.937853107344633,11.474576271186441,-0.4632768361581921,7.40788752866773,1974,1986,0.03389830508474576,0.1864406779661017,0.5141242937853108,1.2881355932203389,13,Jacques Laffite,2,High-DNF Era / Unreliable,0.45467088525050076,0.6142495959440817
lammers,24,0,0,0.0,13,15.458333333333334,19.541666666666668,4.083333333333333,4.978031448419071,1979,1992,0.0,0.0,0.5416666666666666,0.0,14,Jan Lammers,0,High-DNF Era / Unreliable,-1.866974857570875,-0.24151744218268087
lamy,32,0,0,1.0,15,13.46875,18.8125,5.34375,4.865841272619009,1993,1996,0.0,0.0,0.46875,0.03125,4,Pedro Lamy,1,Backmarkers,-1.5757378847714516,-0.8746349086197948
larini,50,0,1,7.0,26,16.12,18.2,2.08,6.885773562281903,1987,1997,0.0,0.02,0.52,0.14,11,Nicola Larini,0,High-DNF Era / Unreliable,-1.6003809684584873,0.06238628475298661
latifi,61,0,0,9.0,13,15.852459016393443,16.672131147540984,0.819672131147541,2.8037835483133056,2020,2022,0.0,0.0,0.21311475409836064,0.14754098360655737,3,Nicholas Latifi,1,Backmarkers,-0.9988641275567738,-1.1791428585621546
lauda,173,25,54,420.5,86,10.84971098265896,8.38150289017341,-2.468208092485549,8.186095871272078,1971,1985,0.14450867052023122,0.31213872832369943,0.49710982658959535,2.430635838150289,15,Niki Lauda,2,High-DNF Era / Unreliable,2.33165894639018,1.2758471538214613
lawson,38,0,0,52.0,14,12.578947368421053,12.631578947368421,0.05263157894736842,4.031172982988534,2023,2026,0.0,0.0,0.3684210526315789,1.368421052631579,4,Liam Lawson,1,Backmarkers,-0.36692570991530343,-0.5182574147507057
leclerc,176,8,52,1630.0,28,7.375,6.2727272727272725,-1.1022727272727273,5.866734306969375,2018,2026,0.045454545454545456,0.29545454545454547,0.1590909090909091,9.261363636363637,9,Charles Leclerc,3,Dominators and Champions,3.9881664909907175,-1.8124257310166108
lehto,62,0,1,10.0,37,13.85483870967742,15.951612903225806,2.096774193548387,5.974938847875688,1989,1994,0.0,0.016129032258064516,0.5967741935483871,0.16129032258064516,6,Jyrki Järvilehto,0,High-DNF Era / Unreliable,-1.3689511229501008,0.3632552493801289
liuzzi,80,0,0,26.0,28,15.825,16.7625,0.9375,4.98294559828251,2005,2011,0.0,0.0,0.35,0.325,7,Vitantonio Liuzzi,1,Backmarkers,-1.1850859350847094,-0.5769782678398061
lunger,34,0,0,0.0,13,13.852941176470589,21.058823529411764,7.205882352941177,4.69127076498195,1975,1978,0.0,0.0,0.38235294117647056,0.0,4,Brett Lunger,1,Backmarkers,-1.728320358490711,-1.6253883034408936
maggs,27,0,3,26.0,10,9.925925925925926,12.0,2.074074074074074,5.730659284973748,1961,1965,0.0,0.1111111111111111,0.37037037037037035,0.9629629629629629,5,Tony Maggs,1,Backmarkers,0.13383422794157918,-0.7620220224624139
magnussen,25,0,0,1.0,17,15.4,16.48,1.08,5.115336417740935,1995,1998,0.0,0.0,0.68,0.04,4,Jan Magnussen,0,High-DNF Era / Unreliable,-1.7115193955592456,0.9784053467029031
maldonado,96,1,1,76.0,32,15.010416666666666,14.166666666666666,-0.84375,4.612328540054741,2011,2015,0.010416666666666666,0.010416666666666666,0.3333333333333333,0.7916666666666666,5,Pastor Maldonado,1,Backmarkers,-0.6113633868377459,-0.34263729227548967
manfred_winkelhock,49,0,0,2.0,36,16.775510204081634,14.448979591836734,-2.326530612244898,6.145002393959559,1982,1985,0.0,0.0,0.7346938775510204,0.04081632653061224,4,Manfred Winkelhock,0,High-DNF Era / Unreliable,-1.615693782458824,1.9171714765417336
mansell,190,31,59,482.0,99,11.089473684210526,6.342105263157895,-4.747368421052632,8.408070873047043,1980,1995,0.1631578947368421,0.3105263157894737,0.5210526315789473,2.536842105263158,16,Nigel Mansell,2,High-DNF Era / Unreliable,2.6661189511964007,1.8744454261320382
manzon,29,0,2,16.0,18,13.655172413793103,10.931034482758621,-2.7241379310344827,7.291266116138861,1950,1956,0.0,0.06896551724137931,0.6206896551724138,0.5517241379310345,7,Robert Manzon,0,High-DNF Era / Unreliable,-0.5307633553166586,1.4131714602361598
mario_andretti,128,12,19,180.0,73,12.453125,8.5625,-3.890625,7.576236548327967,1968,1982,0.09375,0.1484375,0.5703125,1.40625,15,Mario Andretti,2,High-DNF Era / Unreliable,0.9760076248690958,1.6746976717872986
marques,25,0,0,0.0,15,15.84,20.24,4.4,4.209908945967042,1996,2001,0.0,0.0,0.6,0.0,6,Tarso Marques,0,High-DNF Era / Unreliable,-2.0569466331619095,-0.017892060121840015
martini,120,0,0,18.0,68,15.283333333333333,16.225,0.9416666666666667,6.672637382314011,1985,1995,0.0,0.0,0.5666666666666667,0.15,11,Pierluigi Martini,0,High-DNF Era / Unreliable,-1.4754834011531635,0.4539392346345501
mass,107,1,8,71.0,43,12.626168224299066,14.94392523364486,2.317757009345794,7.189514593116922,1973,1982,0.009345794392523364,0.07476635514018691,0.40186915887850466,0.6635514018691588,10,Jochen Mass,1,Backmarkers,-0.5103712732873834,-0.5804062014806475
massa,271,11,41,1167.0,46,8.99630996309963,8.376383763837639,-0.6199261992619927,5.522679271259259,2002,2017,0.04059040590405904,0.15129151291512916,0.16974169741697417,4.306273062730627,16,Felipe Massa,2,High-DNF Era / Unreliable,2.0441507335739684,-1.430953602337092
matta,28,0,0,13.0,8,12.107142857142858,11.428571428571429,-0.6785714285714286,4.288997860281891,2003,2004,0.0,0.0,0.2857142857142857,0.4642857142857143,2,Cristiano da Matta,1,Backmarkers,-0.26785361734115065,-0.672422175408966
max_verstappen,236,71,127,3313.5,34,5.5,4.919491525423729,-0.5805084745762712,5.848076606885379,2015,2026,0.3008474576271186,0.538135593220339,0.1440677966101695,14.040254237288135,12,Max Verstappen,3,Dominators and Champions,7.85720940507455,-1.4545465832188875
mazepin,22,0,0,0.0,6,17.863636363636363,18.5,0.6363636363636364,1.7537837882012637,2021,2021,0.0,0.0,0.2727272727272727,0.0,1,Nikita Mazepin,1,Backmarkers,-1.4245547428409122,-0.7999584419120346
mazzacane,21,0,0,0.0,9,14.19047619047619,21.238095238095237,7.0476190476190474,3.4149531126949255,2000,2001,0.0,0.0,0.42857142857142855,0.0,2,Gastón Mazzacane,1,Backmarkers,-1.8361962482128837,-1.3693808047750302
mclaren,103,4,27,196.5,42,8.737864077669903,8.271844660194175,-0.46601941747572817,6.024396748009085,1958,1970,0.038834951456310676,0.2621359223300971,0.4077669902912621,1.9077669902912622,13,Bruce McLaren,2,High-DNF Era / Unreliable,1.5743912330189829,0.08098310813968386
merzario,58,0,0,11.0,42,17.32758620689655,16.913793103448278,-0.41379310344827586,6.230620286865882,1972,1979,0.0,0.0,0.7241379310344828,0.1896551724137931,8,Arturo Merzario,0,High-DNF Era / Unreliable,-1.8816758305449668,1.4972372246255565
michael_schumacher,308,91,155,1566.0,70,6.87987012987013,4.866883116883117,-2.012987012987013,7.072577495232947,1991,2012,0.29545454545454547,0.5032467532467533,0.22727272727272727,5.084415584415584,22,Michael Schumacher,3,Dominators and Champions,5.605532186660895,0.2449114957289053
mick_schumacher,44,0,0,12.0,6,15.659090909090908,15.340909090909092,-0.3181818181818182,3.0571546416841997,2021,2022,0.0,0.0,0.13636363636363635,0.2727272727272727,2,Mick Schumacher,1,Backmarkers,-0.6866898393405345,-1.3437727511078466
modena,73,0,2,17.0,44,16.0,14.479452054794521,-1.5205479452054795,6.493586579592718,1987,1992,0.0,0.0273972602739726,0.6027397260273972,0.2328767123287671,6,Stefano Modena,0,High-DNF Era / Unreliable,-1.2393605484086396,1.1356144425058385
monteiro,37,0,1,7.0,8,14.432432432432432,17.675675675675677,3.2432432432432434,3.8336270941103137,2005,2006,0.0,0.02702702702702703,0.21621621621621623,0.1891891891891892,2,Tiago Monteiro,1,Backmarkers,-0.9550245969975042,-1.6285672135180136
montermini,23,0,0,0.0,19,18.73913043478261,20.91304347826087,2.1739130434782608,5.029163958211848,1994,1996,0.0,0.0,0.8260869565217391,0.0,3,Andrea Montermini,0,High-DNF Era / Unreliable,-2.613460741615244,1.539374026608937
montoya,95,7,30,307.0,34,8.526315789473685,5.368421052631579,-3.1578947368421053,6.570148651550546,2001,2006,0.07368421052631578,0.3157894736842105,0.35789473684210527,3.231578947368421,6,Juan Pablo Montoya,2,High-DNF Era / Unreliable,2.7136887290601255,0.3787105986351128
morbidelli,68,0,1,8.5,36,15.161764705882353,15.661764705882353,0.5,6.008974119902757,1990,1997,0.0,0.014705882352941176,0.5294117647058824,0.125,8,Gianni Morbidelli,0,High-DNF Era / Unreliable,-1.2974573718284552,0.38155590413706325
moreno,43,0,1,15.0,27,15.44186046511628,17.674418604651162,2.2325581395348837,6.891341446514415,1987,1995,0.0,0.023255813953488372,0.627906976744186,0.3488372093023256,9,Roberto Moreno,0,High-DNF Era / Unreliable,-1.6224586408092,0.5069600544028119
moss,73,16,24,186.64,36,9.068493150684931,5.178082191780822,-3.8904109589041096,6.785050493391268,1951,1961,0.2191780821917808,0.3287671232876712,0.4931506849315068,2.556712328767123,11,Stirling Moss,3,Dominators and Champions,3.377986133842334,1.7359215275607869
musso,26,1,7,44.0,12,8.615384615384615,7.846153846153846,-0.7692307692307693,5.755532455486099,1953,1958,0.038461538461538464,0.2692307692307692,0.46153846153846156,1.6923076923076923,6,Luigi Musso,2,High-DNF Era / Unreliable,1.5229318093446573,0.42357048519479895
nakajima,36,0,0,9.0,7,13.083333333333334,13.805555555555555,0.7222222222222222,3.596625402473031,2007,2009,0.0,0.0,0.19444444444444445,0.25,3,Kazuki Nakajima,1,Backmarkers,-0.49225965528586485,-1.323128595575843
nakano,33,0,0,2.0,17,13.636363636363637,18.12121212121212,4.484848484848484,4.788124514216017,1997,1998,0.0,0.0,0.5151515151515151,0.06060606060606061,2,Shinji Nakano,0,High-DNF Era / Unreliable,-1.5677382079611444,-0.49144667227268446
nannini,77,1,9,65.0,49,14.805194805194805,12.519480519480519,-2.2857142857142856,7.682925294441733,1986,1990,0.012987012987012988,0.11688311688311688,0.6363636363636364,0.8441558441558441,5,Alessandro Nannini,0,High-DNF Era / Unreliable,-0.46845207527907545,1.4986383397316914
nasr,40,0,0,29.0,7,14.15,15.9,1.75,4.060756529237327,2015,2016,0.0,0.0,0.175,0.725,2,Felipe Nasr,1,Backmarkers,-0.6529895010379101,-1.6434746642190095
nilsson,32,1,4,31.0,19,14.09375,11.78125,-2.3125,7.88366778485341,1976,1977,0.03125,0.125,0.59375,0.96875,2,Gunnar Nilsson,0,High-DNF Era / Unreliable,-0.10628310796843679,1.341188673791051
norris,155,11,44,1364.0,19,7.335483870967742,6.561290322580645,-0.7741935483870968,5.284475448977131,2019,2026,0.07096774193548387,0.2838709677419355,0.12258064516129032,8.8,8,Lando Norris,3,Dominators and Champions,4.043440073340033,-1.9260827046628675
ocon,183,1,4,475.0,51,11.398907103825136,11.939890710382514,0.5409836065573771,4.612381676865122,2016,2026,0.00546448087431694,0.02185792349726776,0.2786885245901639,2.5956284153005464,11,Esteban Ocon,1,Backmarkers,0.2823894944306784,-1.161594630504965
oliver,51,0,2,13.0,36,13.92156862745098,13.705882352941176,-0.21568627450980393,6.029405069341094,1967,1977,0.0,0.0392156862745098,0.7058823529411765,0.2549019607843137,11,Jackie Oliver,0,High-DNF Era / Unreliable,-1.1740794276943793,1.3397652257330834
pace,72,1,6,58.0,37,13.055555555555555,10.805555555555555,-2.25,6.94219368846316,1972,1977,0.013888888888888888,0.08333333333333333,0.5138888888888888,0.8055555555555556,6,Carlos Pace,0,High-DNF Era / Unreliable,-0.12411683984305319,0.8382278612035434
palmer,84,0,0,14.0,42,14.476190476190476,20.61904761904762,6.142857142857143,6.509448536737833,1983,1989,0.0,0.0,0.5,0.16666666666666666,7,Jonathan Palmer,0,High-DNF Era / Unreliable,-1.8517123845825525,-0.8729453763438765
panis,158,1,5,76.0,63,11.91139240506329,12.177215189873417,0.26582278481012656,5.230215675346725,1994,2004,0.006329113924050633,0.03164556962025317,0.3987341772151899,0.4810126582278481,11,Olivier Panis,1,Backmarkers,-0.3642542235228808,-0.263827936176289
patrese,257,6,37,281.0,145,12.727626459143968,9.280155642023347,-3.4474708171206228,7.349248965705422,1977,1993,0.023346303501945526,0.14396887159533073,0.5642023346303502,1.093385214007782,17,Riccardo Patrese,2,High-DNF Era / Unreliable,0.33548370641928665,1.3716771712511378
perez,286,6,39,1585.0,47,9.402097902097902,9.755244755244755,0.3531468531468531,5.480030330707052,2011,2026,0.02097902097902098,0.13636363636363635,0.16433566433566432,5.541958041958042,16,Sergio Pérez,2,High-DNF Era / Unreliable,1.950407736862792,-1.8625252660312732
pescarolo,56,0,1,12.0,26,13.571428571428571,17.142857142857142,3.5714285714285716,6.205150772051885,1968,1976,0.0,0.017857142857142856,0.4642857142857143,0.21428571428571427,9,Henri Pescarolo,1,Backmarkers,-1.2723354599268004,-0.5540179512712052
peterson,123,10,26,206.0,57,11.357723577235772,8.43089430894309,-2.926829268292683,7.564076099196753,1970,1978,0.08130081300813008,0.21138211382113822,0.4634146341463415,1.6747967479674797,9,Ronnie Peterson,2,High-DNF Era / Unreliable,1.4077480889949308,0.9709490884705246
petrov,58,0,1,64.0,13,14.362068965517242,14.60344827586207,0.2413793103448276,4.814810032003663,2010,2012,0.0,0.017241379310344827,0.22413793103448276,1.103448275862069,3,Vitaly Petrov,1,Backmarkers,-0.44287388671427713,-1.141624214931588
phil_hill,51,3,16,98.0,21,9.058823529411764,8.509803921568627,-0.5490196078431373,6.580005363845481,1958,1964,0.058823529411764705,0.3137254901960784,0.4117647058823529,1.9215686274509804,7,Phil Hill,2,High-DNF Era / Unreliable,1.8503174935806384,0.2526199609232125
piastri,73,9,27,746.0,12,6.931506849315069,5.8493150684931505,-1.082191780821918,5.812650875277915,2023,2026,0.1232876712328767,0.3698630136986301,0.1643835616438356,10.219178082191782,4,Oscar Piastri,3,Dominators and Champions,5.043199214709528,-1.5675053539806467
pic,39,0,0,0.0,9,18.076923076923077,20.615384615384617,2.5384615384615383,2.589295935441823,2012,2013,0.0,0.0,0.23076923076923078,0.0,2,Charles Pic,1,Backmarkers,-1.6174307151045528,-1.3560548953274527
piquet,205,23,60,485.5,89,9.848780487804879,6.668292682926829,-3.180487804878049,7.8747275692441265,1978,1991,0.11219512195121951,0.2926829268292683,0.43414634146341463,2.368292682926829,14,Nelson Piquet,2,High-DNF Era / Unreliable,2.3748238174070755,0.9698042034491194
piquet_jr,28,0,1,19.0,11,13.392857142857142,13.678571428571429,0.2857142857142857,5.035718976319629,2008,2009,0.0,0.03571428571428571,0.39285714285714285,0.6785714285714286,2,Nelson Piquet Jr.,1,Backmarkers,-0.5804736900777235,-0.3007288017700574
pironi,72,3,13,101.0,29,11.25,9.902777777777779,-1.3472222222222223,7.729129098399009,1978,1982,0.041666666666666664,0.18055555555555555,0.4027777777777778,1.4027777777777777,5,Didier Pironi,2,High-DNF Era / Unreliable,0.8987583847934298,0.24542807787908485
pirro,37,0,0,3.0,20,16.324324324324323,16.18918918918919,-0.13513513513513514,7.133855331578563,1989,1991,0.0,0.0,0.5405405405405406,0.08108108108108109,3,Emanuele Pirro,0,High-DNF Era / Unreliable,-1.4890933983067984,0.5675314458666454
pizzonia,20,0,0,8.0,11,12.9,12.95,0.05,4.375770608824534,2003,2005,0.0,0.0,0.55,0.4,3,Antônio Pizzonia,0,High-DNF Era / Unreliable,-0.9087691451428459,0.46201261257630705
prost,202,51,106,798.5,65,7.5049504950495045,4.138613861386139,-3.366336633663366,7.831082046399307,1980,1993,0.2524752475247525,0.5247524752475248,0.3217821782178218,3.952970297029703,14,Alain Prost,3,Dominators and Champions,5.066558540018432,0.9870226526215469
pryce,42,0,2,19.0,21,11.952380952380953,11.619047619047619,-0.3333333333333333,6.355149173864243,1974,1977,0.0,0.047619047619047616,0.5,0.4523809523809524,4,Tom Pryce,0,High-DNF Era / Unreliable,-0.44928646970973757,0.33320346718673016
raikkonen,352,21,103,1873.0,74,8.491477272727273,7.528409090909091,-0.9630681818181818,6.170413375962036,2001,2021,0.05965909090909091,0.29261363636363635,0.21022727272727273,5.3210227272727275,21,Kimi Räikkönen,2,High-DNF Era / Unreliable,2.9585462849379427,-1.0616984376424292
ralf_schumacher,180,6,27,329.0,62,9.866666666666667,7.8277777777777775,-2.0388888888888888,6.224299112457627,1997,2007,0.03333333333333333,0.15,0.34444444444444444,1.8277777777777777,11,Ralf Schumacher,2,High-DNF Era / Unreliable,1.217434925657256,-0.046212412697152074
rebaque,41,0,0,13.0,26,14.487804878048781,17.317073170731707,2.8292682926829267,6.442522608495497,1977,1981,0.0,0.0,0.6341463414634146,0.3170731707317073,5,Hector Rebaque,0,High-DNF Era / Unreliable,-1.6408049950481411,0.37482193853905643
regazzoni,131,5,28,212.0,50,10.404580152671755,8.549618320610687,-1.8549618320610688,7.141189974048387,1970,1980,0.03816793893129771,0.21374045801526717,0.3816793893129771,1.618320610687023,11,Clay Regazzoni,2,High-DNF Era / Unreliable,1.2701895196582091,0.22971558564656908
resta,59,0,0,121.0,11,11.847457627118644,12.11864406779661,0.2711864406779661,4.9053579408995205,2011,2017,0.0,0.0,0.1864406779661017,2.0508474576271185,7,Paul di Resta,1,Backmarkers,0.15500855098649463,-1.5168185840027615
reutemann,146,12,45,310.0,51,10.0,7.198630136986301,-2.8013698630136985,7.697738136218529,1972,1982,0.0821917808219178,0.3082191780821918,0.3493150684931507,2.1232876712328768,11,Carlos Reutemann,2,High-DNF Era / Unreliable,2.2422851713306615,0.45276027120317297
revson,30,2,8,61.0,11,9.866666666666667,8.166666666666666,-1.7,7.9295750781199015,1964,1974,0.06666666666666667,0.26666666666666666,0.36666666666666664,2.033333333333333,11,Peter Revson,2,High-DNF Era / Unreliable,1.8327361028447984,0.22839180597130285
ricciardo,257,8,32,1320.0,53,10.206225680933851,9.949416342412452,-0.25680933852140075,5.709801755708699,2011,2024,0.0311284046692607,0.1245136186770428,0.20622568093385213,5.136186770428016,14,Daniel Ricciardo,2,High-DNF Era / Unreliable,1.7663099243234894,-1.464668147569606
rindt,61,6,13,109.0,39,9.885245901639344,6.344262295081967,-3.540983606557377,5.933235094661646,1964,1970,0.09836065573770492,0.21311475409836064,0.639344262295082,1.7868852459016393,7,Jochen Rindt,2,High-DNF Era / Unreliable,1.584921532201726,1.9296879903148842
rodriguez,54,2,7,71.0,26,9.055555555555555,10.481481481481481,1.4259259259259258,5.067159029370484,1963,1971,0.037037037037037035,0.12962962962962962,0.48148148148148145,1.3148148148148149,9,Pedro Rodríguez,2,High-DNF Era / Unreliable,0.5656291332018949,-0.03161854159563275
rosa,106,0,1,35.0,50,15.273584905660377,16.28301886792453,1.009433962264151,5.390526114208192,1999,2012,0.0,0.009433962264150943,0.4716981132075472,0.330188679245283,14,Pedro de la Rosa,0,High-DNF Era / Unreliable,-1.260512070737339,-0.016838294307572485
rosberg,206,23,57,1594.5,31,8.25242718446602,6.902912621359223,-1.3495145631067962,6.254315109959846,2006,2016,0.11165048543689321,0.2766990291262136,0.15048543689320387,7.740291262135922,11,Nico Rosberg,3,Dominators and Champions,3.941117242921491,-1.41596025615439
rosier,39,0,2,18.0,13,10.64102564102564,14.307692307692308,3.6666666666666665,5.949290888691913,1950,1956,0.0,0.05128205128205128,0.3333333333333333,0.46153846153846156,7,Louis Rosier,1,Backmarkers,-0.43454593878660835,-1.242469914221815
rosset,27,0,0,0.0,15,14.444444444444445,19.62962962962963,5.185185185185185,4.3175254071082945,1996,1998,0.0,0.0,0.5555555555555556,0.0,3,Ricardo Rosset,0,High-DNF Era / Unreliable,-1.8561610294579598,-0.4088655459441302
rothengatter,26,0,0,0.0,20,16.307692307692307,24.192307692307693,7.884615384615385,5.843076112933876,1984,1986,0.0,0.0,0.7692307692307693,0.0,3,Huub Rothengatter,0,High-DNF Era / Unreliable,-2.808263346352942,0.12711941895303344
russell,155,6,26,1008.0,21,9.44516129032258,8.896774193548387,-0.5483870967741935,5.945796218221889,2019,2026,0.03870967741935484,0.16774193548387098,0.13548387096774195,6.503225806451613,8,George Russell,2,High-DNF Era / Unreliable,2.5321785113012423,-1.842276079932576
sainz,235,4,29,1259.5,51,9.617021276595745,9.051063829787234,-0.5659574468085107,5.462197952647299,2015,2026,0.01702127659574468,0.12340425531914893,0.2170212765957447,5.359574468085106,12,Carlos Sainz,2,High-DNF Era / Unreliable,1.8295023683083251,-1.4415056993298794
sala,26,0,0,1.0,15,14.884615384615385,20.115384615384617,5.230769230769231,5.464993490037645,1988,1989,0.0,0.0,0.5769230769230769,0.038461538461538464,2,Luis Pérez-Sala,0,High-DNF Era / Unreliable,-1.9574181825124461,-0.31134636794512194
salazar,24,0,0,3.0,16,16.208333333333332,22.291666666666668,6.083333333333333,5.755746970498772,1981,1983,0.0,0.0,0.6666666666666666,0.125,3,Eliseo Salazar,0,High-DNF Era / Unreliable,-2.3924792321854307,-0.03073247618759887
salo,111,0,2,33.0,48,12.09009009009009,14.612612612612613,2.5225225225225225,5.0713984973656645,1994,2002,0.0,0.018018018018018018,0.43243243243243246,0.2972972972972973,9,Mika Salo,1,Backmarkers,-0.8428722476369042,-0.5473296946412205
salvadori,50,0,2,19.0,31,13.08,11.76,-1.32,6.483385359076359,1952,1962,0.0,0.04,0.62,0.38,11,Roy Salvadori,0,High-DNF Era / Unreliable,-0.7447849101633567,1.1120820842559587
sargeant,36,0,0,1.0,24,16.333333333333332,16.944444444444443,0.6111111111111112,2.9568322818274866,2023,2024,0.0,0.0,0.6666666666666666,0.027777777777777776,2,Logan Sargeant,0,High-DNF Era / Unreliable,-1.787569188326534,1.0273010139059002
sato,91,0,1,44.0,33,13.461538461538462,14.54945054945055,1.0879120879120878,4.609911284534882,2002,2008,0.0,0.01098901098901099,0.3626373626373626,0.4835164835164835,7,Takuma Sato,1,Backmarkers,-0.7700249159745719,-0.6037165668435596
satoru_nakajima,75,0,0,16.0,42,15.04,14.8,-0.24,7.07381925970115,1987,1991,0.0,0.0,0.56,0.21333333333333335,5,Satoru Nakajima,0,High-DNF Era / Unreliable,-1.2731151275669503,0.6348282585015768
scheckter,112,10,33,255.0,38,9.142857142857142,7.955357142857143,-1.1875,7.018453338071519,1972,1980,0.08928571428571429,0.29464285714285715,0.3392857142857143,2.2767857142857144,9,Jody Scheckter,2,High-DNF Era / Unreliable,2.235896878668865,0.06539570016033737
schell,64,0,2,32.0,33,11.03125,10.390625,-0.640625,5.57764457881811,1950,1960,0.0,0.03125,0.515625,0.5,11,Harry Schell,0,High-DNF Era / Unreliable,-0.3390709813285413,0.4180179067388948
schenken,34,0,1,7.0,21,15.735294117647058,16.470588235294116,0.7352941176470589,6.823794481298118,1970,1974,0.0,0.029411764705882353,0.6176470588235294,0.20588235294117646,5,Tim Schenken,0,High-DNF Era / Unreliable,-1.484868525854868,0.7756420891810342
senna,161,41,80,614.0,64,8.136645962732919,3.1490683229813663,-4.987577639751553,8.15360111730542,1984,1994,0.2546583850931677,0.4968944099378882,0.39751552795031053,3.813664596273292,11,Ayrton Senna,3,Dominators and Champions,4.9217352964072125,1.6555419309645991
siffert,97,2,6,68.0,56,10.484536082474227,10.948453608247423,0.4639175257731959,5.025172886872183,1962,1971,0.020618556701030927,0.061855670103092786,0.5773195876288659,0.7010309278350515,10,Jo Siffert,0,High-DNF Era / Unreliable,-0.18661220346076177,0.5686861354866373
sirotkin,21,0,0,1.0,3,15.523809523809524,16.285714285714285,0.7619047619047619,2.65742446024431,2018,2018,0.0,0.0,0.14285714285714285,0.047619047619047616,1,Sergey Sirotkin,1,Backmarkers,-0.8505249777811696,-1.495377092536467
speed,28,0,0,0.0,12,15.071428571428571,16.714285714285715,1.6428571428571428,4.072751107949219,2006,2007,0.0,0.0,0.42857142857142855,0.0,2,Scott Speed,1,Backmarkers,-1.339770823948014,-0.3187864598994834
spence,36,0,1,27.0,18,9.805555555555555,9.88888888888889,0.08333333333333333,5.001825063739631,1963,1968,0.0,0.027777777777777776,0.5,0.75,6,Mike Spence,1,Backmarkers,-0.16284350612090642,0.14439343199382756
stewart,100,27,43,360.0,39,7.41,4.5,-2.91,6.675895127814378,1965,1973,0.27,0.43,0.39,3.6,9,Jackie Stewart,3,Dominators and Champions,4.619309222684927,1.195738440103736
stommelen,54,0,1,14.0,20,13.11111111111111,17.37037037037037,4.2592592592592595,5.357648972797981,1970,1978,0.0,0.018518518518518517,0.37037037037037035,0.25925925925925924,9,Rolf Stommelen,1,Backmarkers,-1.1205393279148157,-1.1434938883016976
streiff,54,0,1,11.0,26,13.722222222222221,18.203703703703702,4.481481481481482,6.591637545753802,1984,1988,0.0,0.018518518518518517,0.48148148148148145,0.2037037037037037,5,Philippe Streiff,0,High-DNF Era / Unreliable,-1.4306879810841417,-0.6408830634346152
stroll,194,0,3,315.0,56,12.623711340206185,13.68041237113402,1.056701030927835,4.372269497495647,2017,2026,0.0,0.015463917525773196,0.28865979381443296,1.6237113402061856,10,Lance Stroll,1,Backmarkers,-0.2571285819604186,-1.0956922645899423
stuck,77,0,2,29.0,52,15.571428571428571,13.883116883116884,-1.6883116883116882,6.959334079282851,1974,1979,0.0,0.025974025974025976,0.6753246753246753,0.37662337662337664,6,Hans-Joachim Stuck,0,High-DNF Era / Unreliable,-1.23914940656457,1.4817795107765661
surer,83,0,0,17.0,36,12.44578313253012,17.16867469879518,4.72289156626506,5.937177230350301,1979,1986,0.0,0.0,0.43373493975903615,0.20481927710843373,8,Marc Surer,1,Backmarkers,-1.246633411174617,-0.9651898902986586
surtees,112,6,24,180.0,62,10.339285714285714,7.660714285714286,-2.6785714285714284,6.706932773850297,1960,1972,0.05357142857142857,0.21428571428571427,0.5535714285714286,1.6071428571428572,13,John Surtees,2,High-DNF Era / Unreliable,1.2111269171969314,1.2487330205857416
sutil,128,0,0,124.0,43,14.5234375,14.796875,0.2734375,4.748750094564877,2007,2014,0.0,0.0,0.3359375,0.96875,8,Adrian Sutil,1,Backmarkers,-0.7389586294949326,-0.6225295280430654
suzuki,66,0,1,8.0,42,16.181818181818183,16.53030303030303,0.3484848484848485,6.4352612544159715,1988,1995,0.0,0.015151515151515152,0.6363636363636364,0.12121212121212122,8,Aguri Suzuki,0,High-DNF Era / Unreliable,-1.609931656799077,0.9394179305902147
takagi,32,0,0,0.0,20,15.3125,18.75,3.4375,4.26113342486669,1998,1999,0.0,0.0,0.625,0.0,2,Toranosuke Takagi,0,High-DNF Era / Unreliable,-1.897972261558232,0.2718690970861401
tambay,117,2,11,103.0,66,12.735042735042734,10.931623931623932,-1.8034188034188035,7.418979809958494,1977,1986,0.017094017094017096,0.09401709401709402,0.5641025641025641,0.8803418803418803,10,Patrick Tambay,0,High-DNF Era / Unreliable,-0.12796599706331724,0.9982507778307987
tarquini,38,0,0,1.0,26,16.605263157894736,20.789473684210527,4.184210526315789,5.645086232957374,1987,1995,0.0,0.0,0.6842105263157895,0.02631578947368421,9,Gabriele Tarquini,0,High-DNF Era / Unreliable,-2.280554537375888,0.43496353118683323
trevor_taylor,27,0,1,8.0,16,13.666666666666666,12.666666666666666,-1.0,5.77128168673929,1961,1966,0.0,0.037037037037037035,0.5925925925925926,0.2962962962962963,6,Trevor Taylor,0,High-DNF Era / Unreliable,-0.8622374902303948,0.940935225583498
trintignant,86,2,10,72.33,43,11.186046511627907,11.116279069767442,-0.06976744186046512,6.67481945630605,1950,1964,0.023255813953488372,0.11627906976744186,0.5,0.841046511627907,15,Maurice Trintignant,2,High-DNF Era / Unreliable,0.12996287560747266,0.3835191956328398
trips,28,2,6,56.0,13,8.178571428571429,7.5,-0.6785714285714286,6.901709779728345,1956,1961,0.07142857142857142,0.21428571428571427,0.4642857142857143,2.0,6,Wolfgang von Trips,2,High-DNF Era / Unreliable,1.6646265233053532,0.4080587815382979
trulli,256,1,11,246.5,94,12.35546875,10.40234375,-1.953125,5.952311247841169,1997,2011,0.00390625,0.04296875,0.3671875,0.962890625,15,Jarno Trulli,1,Backmarkers,0.003230690861849455,-0.030060689975234086
tsunoda,114,0,0,108.0,41,13.324561403508772,12.263157894736842,-1.0614035087719298,3.9833627765332373,2021,2025,0.0,0.0,0.35964912280701755,0.9473684210526315,5,Yuki Tsunoda,1,Backmarkers,-0.4309274698003864,-0.28038376831196776
vandoorne,42,0,0,26.0,9,13.19047619047619,15.19047619047619,2.0,3.2627842011573063,2016,2018,0.0,0.0,0.21428571428571427,0.6190476190476191,3,Stoffel Vandoorne,1,Backmarkers,-0.6127358924056108,-1.5146156359970746
vergne,58,0,0,51.0,14,13.982758620689655,14.068965517241379,0.08620689655172414,4.832243238149719,2012,2014,0.0,0.0,0.2413793103448276,0.8793103448275862,3,Jean-Éric Vergne,1,Backmarkers,-0.5010348101687999,-1.0348282762657148
verstappen,107,0,2,17.0,59,14.242990654205608,16.327102803738317,2.0841121495327104,4.854177585154228,1994,2003,0.0,0.018691588785046728,0.5514018691588785,0.1588785046728972,10,Jos Verstappen,0,High-DNF Era / Unreliable,-1.349815545768512,0.16375707689969882
vettel,300,53,122,3098.0,46,7.093333333333334,6.266666666666667,-0.8266666666666667,6.405836246393408,2007,2022,0.17666666666666667,0.4066666666666667,0.15333333333333332,10.326666666666666,16,Sebastian Vettel,3,Dominators and Champions,5.517941577206652,-1.4575914102819965
villeneuve,165,11,23,235.0,62,10.254545454545454,9.139393939393939,-1.1151515151515152,5.704784625864019,1996,2006,0.06666666666666667,0.1393939393939394,0.37575757575757573,1.4242424242424243,11,Jacques Villeneuve,2,High-DNF Era / Unreliable,1.095787242974023,0.0760153103058238
villoresi,35,0,8,49.0,17,9.885714285714286,7.3428571428571425,-2.5428571428571427,6.742191250412796,1950,1956,0.0,0.22857142857142856,0.4857142857142857,1.4,7,Luigi Villoresi,2,High-DNF Era / Unreliable,1.0235464957170195,0.7624794862806386
warwick,148,0,4,71.0,87,13.66891891891892,11.743243243243244,-1.9256756756756757,6.775695374122488,1981,1993,0.0,0.02702702702702703,0.5878378378378378,0.4797297297297297,13,Derek Warwick,0,High-DNF Era / Unreliable,-0.7432090298167394,1.0602968291189054
watson,152,5,20,169.0,64,11.513157894736842,11.921052631578947,0.40789473684210525,7.059807740009465,1973,1985,0.03289473684210526,0.13157894736842105,0.42105263157894735,1.111842105263158,13,John Watson,2,High-DNF Era / Unreliable,0.3225051233284876,-0.05427705227247911
webber,217,9,42,1047.5,60,9.788018433179724,8.262672811059907,-1.5253456221198156,6.4349482889251055,2002,2013,0.041474654377880185,0.1935483870967742,0.2764976958525346,4.8271889400921655,12,Mark Webber,2,High-DNF Era / Unreliable,2.126880224099317,-0.7407292492949756
wehrlein,39,0,0,6.0,8,16.128205128205128,17.384615384615383,1.2564102564102564,3.427285923135153,2016,2017,0.0,0.0,0.20512820512820512,0.15384615384615385,2,Pascal Wehrlein,1,Backmarkers,-1.0807535118025917,-1.294702326305938
wendlinger,42,0,0,14.0,25,15.095238095238095,14.095238095238095,-1.0,6.731105529498484,1991,1995,0.0,0.0,0.5952380952380952,0.3333333333333333,5,Karl Wendlinger,0,High-DNF Era / Unreliable,-1.2219770369194096,0.933137449575265
wilson_fittipaldi,35,0,0,3.0,21,15.028571428571428,17.6,2.5714285714285716,5.43672541087715,1972,1975,0.0,0.0,0.6,0.08571428571428572,4,Wilson Fittipaldi,0,High-DNF Era / Unreliable,-1.6928382773690187,0.30242619495048617
wisell,23,0,1,13.0,15,14.173913043478262,13.304347826086957,-0.8695652173913043,7.4812017381327385,1970,1974,0.0,0.043478260869565216,0.6521739130434783,0.5652173913043478,5,Reine Wisell,0,High-DNF Era / Unreliable,-0.9717120716527217,1.1851610821533105
wurz,69,0,3,45.0,23,11.420289855072463,12.159420289855072,0.7391304347826086,5.526422619884589,1997,2007,0.0,0.043478260869565216,0.3333333333333333,0.6521739130434783,11,Alexander Wurz,1,Backmarkers,-0.2018333935993067,-0.6993982521037074
yamamoto,21,0,0,0.0,7,18.523809523809526,21.714285714285715,3.1904761904761907,2.581066593853162,2006,2010,0.0,0.0,0.3333333333333333,0.0,5,Sakon Yamamoto,1,Backmarkers,-1.9267363146041814,-0.9860689827095609
zanardi,42,0,0,1.0,26,15.595238095238095,16.38095238095238,0.7857142857142857,6.2354592758635174,1991,1999,0.0,0.0,0.6190476190476191,0.023809523809523808,9,Alessandro Zanardi,0,High-DNF Era / Unreliable,-1.6160397056327924,0.7530342676771152
zhou,68,0,0,16.0,33,14.647058823529411,15.588235294117647,0.9411764705882353,3.0750061564425826,2022,2024,0.0,0.0,0.4852941176470588,0.23529411764705882,3,Guanyu Zhou,0,High-DNF Era / Unreliable,-1.2277307893191927,0.04535984344448378
zonta,37,0,0,3.0,20,13.162162162162161,14.783783783783784,1.6216216216216217,4.524706948850166,1999,2005,0.0,0.0,0.5405405405405406,0.08108108108108109,7,Ricardo Zonta,0,High-DNF Era / Unreliable,-1.1893012925338893,0.16142142134897194
